timestamp,tcp_variant,test_condition,repetition,snr_db,sa_delta_db,p1_dbm,p3_noise_db,throughput_mbps,rtt_ms,retransmissions,duration_sec,bytes_sent,bytes_received,max_rtt_ms,min_rtt_ms,tcp_congestion,json_filename,sa_delta_sim,p1_sim,snr_sim,p1_avg,snr_avg
20260624_085400,veno_ab,normal,1,35.0,-27.14,-23.81,-58.81,20.93,34.15,0,55.0017,143873152,140104365,47.17,29.91,veno_ab,SNR34.99_normal_iperf3_veno_ab_rep1_20260624_085400.json,-27.15,-23.82,34.99,-23.82,34.99
20260624_085500,veno_ab,normal,2,34.99,-27.15,-23.82,-58.81,20.55,33.64,1,55.0017,141307368,139888070,52.18,26.24,veno_ab,SNR34.99_normal_iperf3_veno_ab_rep2_20260624_085500.json,-27.15,-23.82,34.99,-23.82,34.99
20260624_085600,veno_ab,normal,3,34.99,-27.15,-23.82,-58.81,20.9,33.5,0,55.0017,143676430,140099242,50.92,30.33,veno_ab,SNR34.99_normal_iperf3_veno_ab_rep3_20260624_085600.json,-27.15,-23.82,34.99,-23.82,34.99
20260624_085700,veno_ab,normal,4,34.99,-27.15,-23.82,-58.81,22.01,33.04,1,55.0017,151322816,149709720,50.83,25.94,veno_ab,SNR34.99_normal_iperf3_veno_ab_rep4_20260624_085700.json,-27.15,-23.82,34.99,-23.82,34.99
20260624_085800,veno_ab,normal,5,35.0,-27.14,-23.81,-58.81,20.48,32.62,1,55.0017,140820656,139378492,52.41,25.91,veno_ab,SNR34.99_normal_iperf3_veno_ab_rep5_20260624_085800.json,-27.15,-23.82,34.99,-23.82,34.99
20260624_085905,veno_rttguard,normal,1,35.14,-27.3,-23.97,-59.11,20.29,43.22,1,55.0017,139516087,136989238,57.23,29.6,veno_rttguard,SNR35.13_normal_iperf3_veno_rttguard_rep1_20260624_085905.json,-27.31,-23.98,35.13,-23.98,35.13
20260624_090005,veno_rttguard,normal,2,35.13,-27.31,-23.98,-59.11,19.21,41.61,0,55.0017,132099886,128744208,51.54,31.03,veno_rttguard,SNR35.13_normal_iperf3_veno_rttguard_rep2_20260624_090005.json,-27.31,-23.98,35.13,-23.98,35.13
20260624_090105,veno_rttguard,normal,3,35.13,-27.31,-23.98,-59.11,20.68,41.43,0,55.0017,142184045,139986247,47.47,30.1,veno_rttguard,SNR35.13_normal_iperf3_veno_rttguard_rep3_20260624_090105.json,-27.31,-23.98,35.13,-23.98,35.13
20260624_090205,veno_rttguard,normal,4,35.14,-27.3,-23.97,-59.11,20.66,41.45,0,55.0017,142067979,140641148,55.89,30.61,veno_rttguard,SNR35.13_normal_iperf3_veno_rttguard_rep4_20260624_090205.json,-27.31,-23.98,35.13,-23.98,35.13
20260624_090305,veno_rttguard,normal,5,35.13,-27.31,-23.98,-59.11,20.56,42.81,1,55.0017,141349235,139046893,46.14,35.2,veno_rttguard,SNR35.13_normal_iperf3_veno_rttguard_rep5_20260624_090305.json,-27.31,-23.98,35.13,-23.98,35.13
20260624_090455,veno_ab,normal,1,34.02,-24.75,-21.42,-55.44,21.34,33.67,2,55.0017,146698499,145556797,46.27,27.26,veno_ab,SNR34.01_normal_iperf3_veno_ab_rep1_20260624_090455.json,-24.75,-21.42,34.02,-21.42,34.02
20260624_090555,veno_ab,normal,2,34.02,-24.75,-21.42,-55.44,21.28,34.87,1,55.0017,146322394,142061317,54.71,31.46,veno_ab,SNR34.01_normal_iperf3_veno_ab_rep2_20260624_090555.json,-24.75,-21.42,34.02,-21.42,34.02
20260624_090655,veno_ab,normal,3,34.02,-24.75,-21.42,-55.44,21.33,34.31,0,55.0017,146623265,144390284,48.49,27.68,veno_ab,SNR34.01_normal_iperf3_veno_ab_rep3_20260624_090655.json,-24.75,-21.42,34.02,-21.42,34.02
20260624_090755,veno_ab,normal,4,34.01,-24.76,-21.43,-55.44,21.47,32.66,1,55.0017,147604934,146017308,41.02,28.99,veno_ab,SNR34.01_normal_iperf3_veno_ab_rep4_20260624_090755.json,-24.75,-21.42,34.02,-21.42,34.02
20260624_090855,veno_ab,normal,5,34.01,-24.76,-21.43,-55.44,20.82,34.03,0,55.0017,143117243,141577861,43.13,30.84,veno_ab,SNR34.01_normal_iperf3_veno_ab_rep5_20260624_090855.json,-24.75,-21.42,34.02,-21.42,34.02
20260624_091000,veno_rttguard,normal,1,33.71,-24.7,-21.37,-55.08,20.23,43.54,1,55.0017,139061833,135334795,60.06,33.83,veno_rttguard,SNR33.72_normal_iperf3_veno_rttguard_rep1_20260624_091000.json,-24.69,-21.36,33.72,-21.36,33.72
20260624_091100,veno_rttguard,normal,2,33.72,-24.69,-21.36,-55.08,20.69,41.25,1,55.0017,142246615,139799275,50.37,37.46,veno_rttguard,SNR33.72_normal_iperf3_veno_rttguard_rep2_20260624_091100.json,-24.69,-21.36,33.72,-21.36,33.72
20260624_091200,veno_rttguard,normal,3,33.73,-24.68,-21.35,-55.08,20.13,43.34,0,55.0017,138383614,135135064,49.46,35.64,veno_rttguard,SNR33.72_normal_iperf3_veno_rttguard_rep3_20260624_091200.json,-24.69,-21.36,33.72,-21.36,33.72
20260624_091300,veno_rttguard,normal,4,33.73,-24.68,-21.35,-55.08,20.47,41.81,0,55.0017,140739483,138144891,58.26,32.89,veno_rttguard,SNR33.72_normal_iperf3_veno_rttguard_rep4_20260624_091300.json,-24.69,-21.36,33.72,-21.36,33.72
20260624_091400,veno_rttguard,normal,5,33.73,-24.68,-21.35,-55.08,20.18,42.83,0,55.0017,138724664,136321891,56.05,30.37,veno_rttguard,SNR33.72_normal_iperf3_veno_rttguard_rep5_20260624_091400.json,-24.69,-21.36,33.72,-21.36,33.72
20260624_091550,veno_ab,normal,1,33.14,-23.87,-20.54,-53.68,21.15,36.24,0,55.0017,145425094,141687276,46.38,31.28,veno_ab,SNR33.12_normal_iperf3_veno_ab_rep1_20260624_091550.json,-23.89,-20.56,33.12,-20.56,33.12
20260624_091650,veno_ab,normal,2,33.12,-23.89,-20.56,-53.68,21.24,34.7,0,55.0017,146013688,144950285,52.11,28.23,veno_ab,SNR33.12_normal_iperf3_veno_ab_rep2_20260624_091650.json,-23.89,-20.56,33.12,-20.56,33.12
20260624_091750,veno_ab,normal,3,33.12,-23.89,-20.56,-53.68,21.48,35.39,0,55.0017,147686993,144566353,53.35,28.2,veno_ab,SNR33.12_normal_iperf3_veno_ab_rep3_20260624_091750.json,-23.89,-20.56,33.12,-20.56,33.12
20260624_091850,veno_ab,normal,4,33.12,-23.89,-20.56,-53.68,21.66,34.53,0,55.0017,148903714,147623273,51.33,29.19,veno_ab,SNR33.12_normal_iperf3_veno_ab_rep4_20260624_091850.json,-23.89,-20.56,33.12,-20.56,33.12
20260624_091950,veno_ab,normal,5,33.12,-23.89,-20.56,-53.68,21.13,32.72,0,55.0017,145256995,140988897,54.75,25.39,veno_ab,SNR33.12_normal_iperf3_veno_ab_rep5_20260624_091950.json,-23.89,-20.56,33.12,-20.56,33.12
20260624_092055,veno_rttguard,normal,1,32.87,-23.95,-20.62,-53.49,20.08,43.98,0,55.0017,138064161,134040300,55.53,30.1,veno_rttguard,SNR32.88_normal_iperf3_veno_rttguard_rep1_20260624_092055.json,-23.94,-20.61,32.88,-20.61,32.88
20260624_092155,veno_rttguard,normal,2,32.9,-23.92,-20.59,-53.49,20.02,41.99,0,55.0017,137630937,136200489,53.82,35.59,veno_rttguard,SNR32.88_normal_iperf3_veno_rttguard_rep2_20260624_092155.json,-23.94,-20.61,32.88,-20.61,32.88
20260624_092255,veno_rttguard,normal,3,32.89,-23.93,-20.6,-53.49,19.96,45.32,0,55.0017,137224636,133576323,52.23,31.49,veno_rttguard,SNR32.88_normal_iperf3_veno_rttguard_rep3_20260624_092255.json,-23.94,-20.61,32.88,-20.61,32.88
20260624_092355,veno_rttguard,normal,4,32.88,-23.94,-20.61,-53.49,20.25,44.52,0,55.0017,139219814,135852295,55.47,33.6,veno_rttguard,SNR32.88_normal_iperf3_veno_rttguard_rep4_20260624_092355.json,-23.94,-20.61,32.88,-20.61,32.88
20260624_092455,veno_rttguard,normal,5,32.88,-23.94,-20.61,-53.49,20.72,43.83,0,55.0017,142481960,138448645,48.27,33.73,veno_rttguard,SNR32.88_normal_iperf3_veno_rttguard_rep5_20260624_092455.json,-23.94,-20.61,32.88,-20.61,32.88
20260624_092645,veno_ab,normal,1,30.94,-34.54,-31.21,-62.15,20.68,35.61,0,55.0017,142145595,138500341,48.84,29.59,veno_ab,SNR30.93_normal_iperf3_veno_ab_rep1_20260624_092645.json,-34.55,-31.22,30.93,-31.22,30.93
20260624_092745,veno_ab,normal,2,30.93,-34.55,-31.22,-62.15,20.81,37.32,1,55.0017,143077436,140463227,47.91,28.74,veno_ab,SNR30.93_normal_iperf3_veno_ab_rep2_20260624_092745.json,-34.55,-31.22,30.93,-31.22,30.93
20260624_092845,veno_ab,normal,3,30.94,-34.54,-31.21,-62.15,21.0,36.09,1,55.0017,144364858,141573399,54.59,32.76,veno_ab,SNR30.93_normal_iperf3_veno_ab_rep3_20260624_092845.json,-34.55,-31.22,30.93,-31.22,30.93
20260624_092945,veno_ab,normal,4,30.91,-34.57,-31.24,-62.15,20.55,35.71,0,55.0017,141303961,137362902,54.11,29.79,veno_ab,SNR30.93_normal_iperf3_veno_ab_rep4_20260624_092945.json,-34.55,-31.22,30.93,-31.22,30.93
20260624_093045,veno_ab,normal,5,30.94,-34.54,-31.21,-62.15,21.56,33.56,2,55.0017,148254944,143863104,55.83,28.42,veno_ab,SNR30.93_normal_iperf3_veno_ab_rep5_20260624_093045.json,-34.55,-31.22,30.93,-31.22,30.93
20260624_093150,veno_rttguard,normal,1,31.05,-33.72,-30.39,-61.44,20.22,42.24,0,55.0017,139003509,137573047,54.76,35.48,veno_rttguard,SNR31.05_normal_iperf3_veno_rttguard_rep1_20260624_093150.json,-33.71,-30.38,31.06,-30.38,31.06
20260624_093250,veno_rttguard,normal,2,31.07,-33.7,-30.37,-61.44,20.23,43.27,0,55.0017,139060396,136806404,54.58,34.67,veno_rttguard,SNR31.05_normal_iperf3_veno_rttguard_rep2_20260624_093250.json,-33.71,-30.38,31.06,-30.38,31.06
20260624_093350,veno_rttguard,normal,3,31.04,-33.73,-30.4,-61.44,20.11,42.04,0,55.0017,138264446,136308368,53.6,29.35,veno_rttguard,SNR31.05_normal_iperf3_veno_rttguard_rep3_20260624_093350.json,-33.71,-30.38,31.06,-30.38,31.06
20260624_093450,veno_rttguard,normal,4,31.06,-33.71,-30.38,-61.44,20.76,44.32,0,55.0017,142713471,140045731,55.65,29.51,veno_rttguard,SNR31.05_normal_iperf3_veno_rttguard_rep4_20260624_093450.json,-33.71,-30.38,31.06,-30.38,31.06
20260624_093550,veno_rttguard,normal,5,31.06,-33.71,-30.38,-61.44,20.16,45.19,0,55.0017,138576852,135243566,54.72,37.16,veno_rttguard,SNR31.05_normal_iperf3_veno_rttguard_rep5_20260624_093550.json,-33.71,-30.38,31.06,-30.38,31.06
20260624_093740,veno_ab,normal,1,28.71,-39.38,-36.06,-64.77,20.44,32.56,0,55.0017,140507567,139012161,51.76,26.61,veno_ab,SNR28.71_normal_iperf3_veno_ab_rep1_20260624_093740.json,-39.38,-36.06,28.71,-36.06,28.71
20260624_093840,veno_ab,normal,2,28.71,-39.38,-36.06,-64.77,20.41,37.26,0,55.0017,140330062,136906794,50.73,29.23,veno_ab,SNR28.71_normal_iperf3_veno_ab_rep2_20260624_093840.json,-39.38,-36.06,28.71,-36.06,28.71
20260624_093940,veno_ab,normal,3,28.71,-39.38,-36.06,-64.77,20.57,34.71,0,55.0017,141432732,139220387,53.69,30.26,veno_ab,SNR28.71_normal_iperf3_veno_ab_rep3_20260624_093940.json,-39.38,-36.06,28.71,-36.06,28.71
20260624_094040,veno_ab,normal,4,28.71,-39.38,-36.06,-64.77,20.98,34.14,1,55.0017,144208706,142666756,52.91,31.43,veno_ab,SNR28.71_normal_iperf3_veno_ab_rep4_20260624_094040.json,-39.38,-36.06,28.71,-36.06,28.71
20260624_094140,veno_ab,normal,5,28.71,-39.38,-36.06,-64.77,20.4,36.34,0,55.0017,140274802,136719815,49.12,28.87,veno_ab,SNR28.71_normal_iperf3_veno_ab_rep5_20260624_094140.json,-39.38,-36.06,28.71,-36.06,28.71
20260624_094245,veno_rttguard,normal,1,28.87,-39.61,-36.29,-65.16,19.34,45.67,2,55.0017,132951413,132065998,56.12,35.51,veno_rttguard,SNR28.87_normal_iperf3_veno_rttguard_rep1_20260624_094245.json,-39.62,-36.3,28.86,-36.3,28.86
20260624_094345,veno_rttguard,normal,2,28.86,-39.62,-36.3,-65.16,19.98,42.91,1,55.0017,137371884,135085752,54.12,30.54,veno_rttguard,SNR28.87_normal_iperf3_veno_rttguard_rep2_20260624_094345.json,-39.62,-36.3,28.86,-36.3,28.86
20260624_094445,veno_rttguard,normal,3,28.85,-39.63,-36.31,-65.16,19.43,42.6,0,55.0017,133600255,130430942,55.63,32.26,veno_rttguard,SNR28.87_normal_iperf3_veno_rttguard_rep3_20260624_094445.json,-39.62,-36.3,28.86,-36.3,28.86
20260624_094545,veno_rttguard,normal,4,28.87,-39.61,-36.29,-65.16,20.32,44.52,0,55.0017,139735926,137212884,51.12,32.46,veno_rttguard,SNR28.87_normal_iperf3_veno_rttguard_rep4_20260624_094545.json,-39.62,-36.3,28.86,-36.3,28.86
20260624_094645,veno_rttguard,normal,5,28.87,-39.61,-36.29,-65.16,19.53,39.71,0,55.0017,134273784,131100492,48.72,33.12,veno_rttguard,SNR28.87_normal_iperf3_veno_rttguard_rep5_20260624_094645.json,-39.62,-36.3,28.86,-36.3,28.86
20260624_094835,veno_ab,normal,1,27.27,-29.23,-25.91,-53.18,20.83,32.96,0,55.0017,143201505,141811313,42.96,27.94,veno_ab,SNR27.27_normal_iperf3_veno_ab_rep1_20260624_094835.json,-29.23,-25.91,27.27,-25.91,27.27
20260624_094935,veno_ab,normal,2,27.26,-29.24,-25.92,-53.18,21.28,35.4,0,55.0017,146315003,143647116,52.08,29.64,veno_ab,SNR27.27_normal_iperf3_veno_ab_rep2_20260624_094935.json,-29.23,-25.91,27.27,-25.91,27.27
20260624_095035,veno_ab,normal,3,27.26,-29.24,-25.92,-53.18,21.11,34.14,2,55.0017,145102576,141750563,44.24,26.98,veno_ab,SNR27.27_normal_iperf3_veno_ab_rep3_20260624_095035.json,-29.23,-25.91,27.27,-25.91,27.27
20260624_095135,veno_ab,normal,4,27.28,-29.22,-25.9,-53.18,21.76,32.69,1,55.0017,149617946,147393537,52.66,29.97,veno_ab,SNR27.27_normal_iperf3_veno_ab_rep4_20260624_095135.json,-29.23,-25.91,27.27,-25.91,27.27
20260624_095235,veno_ab,normal,5,27.27,-29.23,-25.91,-53.18,21.73,32.35,1,55.0017,149367396,147757979,50.74,29.97,veno_ab,SNR27.27_normal_iperf3_veno_ab_rep5_20260624_095235.json,-29.23,-25.91,27.27,-25.91,27.27
20260624_095340,veno_rttguard,normal,1,27.31,-29.38,-26.06,-53.37,19.68,41.46,0,55.0017,135295214,133242321,48.1,32.21,veno_rttguard,SNR27.31_normal_iperf3_veno_rttguard_rep1_20260624_095340.json,-29.38,-26.06,27.31,-26.06,27.31
20260624_095440,veno_rttguard,normal,2,27.31,-29.38,-26.06,-53.37,20.64,43.02,2,55.0017,141925916,138025018,60.49,37.17,veno_rttguard,SNR27.31_normal_iperf3_veno_rttguard_rep2_20260624_095440.json,-29.38,-26.06,27.31,-26.06,27.31
20260624_095540,veno_rttguard,normal,3,27.29,-29.4,-26.08,-53.37,20.68,42.99,1,55.0017,142153467,138847200,62.05,31.34,veno_rttguard,SNR27.31_normal_iperf3_veno_rttguard_rep3_20260624_095540.json,-29.38,-26.06,27.31,-26.06,27.31
20260624_095640,veno_rttguard,normal,4,27.31,-29.38,-26.06,-53.37,20.33,42.71,1,55.0017,139747285,136229585,62.31,28.88,veno_rttguard,SNR27.31_normal_iperf3_veno_rttguard_rep4_20260624_095640.json,-29.38,-26.06,27.31,-26.06,27.31
20260624_095740,veno_rttguard,normal,5,27.31,-29.38,-26.06,-53.37,20.45,43.28,1,55.0017,140622576,139059200,61.57,34.39,veno_rttguard,SNR27.31_normal_iperf3_veno_rttguard_rep5_20260624_095740.json,-29.38,-26.06,27.31,-26.06,27.31
20260624_095930,veno_ab,normal,1,25.48,-48.01,-44.69,-70.17,20.31,40.61,0,55.0017,139623035,135487273,53.15,28.95,veno_ab,SNR25.48_normal_iperf3_veno_ab_rep1_20260624_095930.json,-48.01,-44.69,25.48,-44.69,25.48
20260624_100030,veno_ab,normal,2,25.48,-48.01,-44.69,-70.17,20.52,39.9,0,55.0017,141045755,140186219,53.3,32.24,veno_ab,SNR25.48_normal_iperf3_veno_ab_rep2_20260624_100030.json,-48.01,-44.69,25.48,-44.69,25.48
20260624_100130,veno_ab,normal,3,25.49,-48.0,-44.68,-70.17,19.69,34.36,0,55.0017,135406833,132736292,48.72,28.54,veno_ab,SNR25.48_normal_iperf3_veno_ab_rep3_20260624_100130.json,-48.01,-44.69,25.48,-44.69,25.48
20260624_100230,veno_ab,normal,4,25.47,-48.02,-44.7,-70.17,19.9,36.34,0,55.0017,136807862,133753882,53.53,33.7,veno_ab,SNR25.48_normal_iperf3_veno_ab_rep4_20260624_100230.json,-48.01,-44.69,25.48,-44.69,25.48
20260624_100330,veno_ab,normal,5,25.47,-48.02,-44.7,-70.17,20.68,39.65,0,55.0017,142150899,140891523,54.65,35.31,veno_ab,SNR25.48_normal_iperf3_veno_ab_rep5_20260624_100330.json,-48.01,-44.69,25.48,-44.69,25.48
20260624_100435,veno_rttguard,normal,1,25.43,-47.85,-44.53,-69.96,19.23,43.65,0,55.0017,132177206,130304786,63.19,29.63,veno_rttguard,SNR25.45_normal_iperf3_veno_rttguard_rep1_20260624_100435.json,-47.83,-44.51,25.45,-44.51,25.45
20260624_100535,veno_rttguard,normal,2,25.44,-47.84,-44.52,-69.96,19.31,49.41,0,55.0017,132739993,131635101,63.93,32.84,veno_rttguard,SNR25.45_normal_iperf3_veno_rttguard_rep2_20260624_100535.json,-47.83,-44.51,25.45,-44.51,25.45
20260624_100635,veno_rttguard,normal,3,25.46,-47.82,-44.5,-69.96,19.12,43.02,0,55.0017,131464066,128301859,60.12,34.39,veno_rttguard,SNR25.45_normal_iperf3_veno_rttguard_rep3_20260624_100635.json,-47.83,-44.51,25.45,-44.51,25.45
20260624_100735,veno_rttguard,normal,4,25.46,-47.82,-44.5,-69.96,19.26,44.59,0,55.0017,132440537,131607997,55.62,38.3,veno_rttguard,SNR25.45_normal_iperf3_veno_rttguard_rep4_20260624_100735.json,-47.83,-44.51,25.45,-44.51,25.45
20260624_100835,veno_rttguard,normal,5,25.46,-47.82,-44.5,-69.96,19.22,39.12,0,55.0017,132162299,128810766,51.83,30.87,veno_rttguard,SNR25.45_normal_iperf3_veno_rttguard_rep5_20260624_100835.json,-47.83,-44.51,25.45,-44.51,25.45
20260624_101025,veno_ab,normal,1,24.53,-41.26,-37.95,-62.48,20.51,34.93,0,55.0017,140987655,139307669,52.2,27.0,veno_ab,SNR24.53_normal_iperf3_veno_ab_rep1_20260624_101025.json,-41.27,-37.96,24.52,-37.96,24.52
20260624_101125,veno_ab,normal,2,24.53,-41.26,-37.95,-62.48,20.38,35.54,0,55.0017,140149634,136687752,49.64,28.18,veno_ab,SNR24.53_normal_iperf3_veno_ab_rep2_20260624_101125.json,-41.27,-37.96,24.52,-37.96,24.52
20260624_101225,veno_ab,normal,3,24.51,-41.28,-37.97,-62.48,20.8,34.66,0,55.0017,143008282,140943124,52.18,30.25,veno_ab,SNR24.53_normal_iperf3_veno_ab_rep3_20260624_101225.json,-41.27,-37.96,24.52,-37.96,24.52
20260624_101325,veno_ab,normal,4,24.53,-41.26,-37.95,-62.48,20.37,34.96,0,55.0017,140032051,136761190,54.71,31.01,veno_ab,SNR24.53_normal_iperf3_veno_ab_rep4_20260624_101325.json,-41.27,-37.96,24.52,-37.96,24.52
20260624_101425,veno_ab,normal,5,24.52,-41.27,-37.96,-62.48,20.11,34.93,0,55.0017,138261441,134405809,47.9,29.7,veno_ab,SNR24.53_normal_iperf3_veno_ab_rep5_20260624_101425.json,-41.27,-37.96,24.52,-37.96,24.52
20260624_101530,veno_rttguard,normal,1,24.3,-40.86,-37.55,-61.85,19.21,45.02,0,55.0017,132091810,131019820,64.77,30.08,veno_rttguard,SNR24.30_normal_iperf3_veno_rttguard_rep1_20260624_101530.json,-40.85,-37.54,24.31,-37.54,24.31
20260624_101630,veno_rttguard,normal,2,24.32,-40.84,-37.53,-61.85,19.66,43.52,0,55.0017,135158357,133586124,55.8,33.54,veno_rttguard,SNR24.30_normal_iperf3_veno_rttguard_rep2_20260624_101630.json,-40.85,-37.54,24.31,-37.54,24.31
20260624_101730,veno_rttguard,normal,3,24.3,-40.86,-37.55,-61.85,20.24,43.55,0,55.0017,139180668,135452326,53.09,29.45,veno_rttguard,SNR24.30_normal_iperf3_veno_rttguard_rep3_20260624_101730.json,-40.85,-37.54,24.31,-37.54,24.31
20260624_101830,veno_rttguard,normal,4,24.31,-40.85,-37.54,-61.85,19.0,45.02,0,55.0017,130628598,129730903,63.42,30.57,veno_rttguard,SNR24.30_normal_iperf3_veno_rttguard_rep4_20260624_101830.json,-40.85,-37.54,24.31,-37.54,24.31
20260624_101930,veno_rttguard,normal,5,24.3,-40.86,-37.55,-61.85,20.03,44.66,0,55.0017,137697280,136145034,60.75,30.5,veno_rttguard,SNR24.30_normal_iperf3_veno_rttguard_rep5_20260624_101930.json,-40.85,-37.54,24.31,-37.54,24.31
20260624_102120,veno_ab,normal,1,23.23,-35.18,-31.87,-55.1,19.93,39.19,0,55.0017,137032347,134435666,54.36,32.85,veno_ab,SNR23.23_normal_iperf3_veno_ab_rep1_20260624_102120.json,-35.18,-31.87,23.23,-31.87,23.23
20260624_102220,veno_ab,normal,2,23.24,-35.17,-31.86,-55.1,19.69,35.65,0,55.0017,135390382,133524080,46.47,30.51,veno_ab,SNR23.23_normal_iperf3_veno_ab_rep2_20260624_102220.json,-35.18,-31.87,23.23,-31.87,23.23
20260624_102320,veno_ab,normal,3,23.22,-35.19,-31.88,-55.1,19.86,37.6,0,55.0017,136556638,135765665,52.51,30.51,veno_ab,SNR23.23_normal_iperf3_veno_ab_rep3_20260624_102320.json,-35.18,-31.87,23.23,-31.87,23.23
20260624_102420,veno_ab,normal,4,23.24,-35.17,-31.86,-55.1,20.03,37.16,0,55.0017,137700493,135334160,57.16,31.48,veno_ab,SNR23.23_normal_iperf3_veno_ab_rep4_20260624_102420.json,-35.18,-31.87,23.23,-31.87,23.23
20260624_102520,veno_ab,normal,5,23.21,-35.2,-31.89,-55.1,19.82,39.02,0,55.0017,136254499,134872916,56.75,33.38,veno_ab,SNR23.23_normal_iperf3_veno_ab_rep5_20260624_102520.json,-35.18,-31.87,23.23,-31.87,23.23
20260624_102625,veno_rttguard,normal,1,23.09,-34.56,-31.25,-54.34,18.39,48.48,0,55.0017,126402779,123236528,58.65,38.37,veno_rttguard,SNR23.10_normal_iperf3_veno_rttguard_rep1_20260624_102625.json,-34.55,-31.24,23.1,-31.24,23.1
20260624_102725,veno_rttguard,normal,2,23.1,-34.55,-31.24,-54.34,19.1,47.15,0,55.0017,131321179,129915210,51.52,34.67,veno_rttguard,SNR23.10_normal_iperf3_veno_rttguard_rep2_20260624_102725.json,-34.55,-31.24,23.1,-31.24,23.1
20260624_102825,veno_rttguard,normal,3,23.1,-34.55,-31.24,-54.34,18.81,48.42,0,55.0017,129343320,128311262,59.13,39.9,veno_rttguard,SNR23.10_normal_iperf3_veno_rttguard_rep3_20260624_102825.json,-34.55,-31.24,23.1,-31.24,23.1
20260624_102925,veno_rttguard,normal,4,23.1,-34.55,-31.24,-54.34,18.62,45.67,0,55.0017,128000807,124318787,63.0,33.86,veno_rttguard,SNR23.10_normal_iperf3_veno_rttguard_rep4_20260624_102925.json,-34.55,-31.24,23.1,-31.24,23.1
20260624_103025,veno_rttguard,normal,5,23.1,-34.55,-31.24,-54.34,19.25,44.13,0,55.0017,132379819,129813682,55.34,29.67,veno_rttguard,SNR23.10_normal_iperf3_veno_rttguard_rep5_20260624_103025.json,-34.55,-31.24,23.1,-31.24,23.1
20260624_103215,veno_ab,normal,1,20.45,-40.61,-37.32,-57.77,17.82,67.77,1,55.0017,122516100,120816826,353.6,39.14,veno_ab,SNR20.46_normal_iperf3_veno_ab_rep1_20260624_103215.json,-40.61,-37.32,20.45,-37.32,20.45
20260624_103315,veno_ab,normal,2,20.46,-40.6,-37.31,-57.77,18.92,53.88,0,55.0017,130098817,128132138,345.45,42.2,veno_ab,SNR20.46_normal_iperf3_veno_ab_rep2_20260624_103315.json,-40.61,-37.32,20.45,-37.32,20.45
20260624_103415,veno_ab,normal,3,20.45,-40.61,-37.32,-57.77,17.39,71.4,1,55.0017,119583358,117668265,295.3,46.16,veno_ab,SNR20.46_normal_iperf3_veno_ab_rep3_20260624_103415.json,-40.61,-37.32,20.45,-37.32,20.45
20260624_103515,veno_ab,normal,4,20.45,-40.61,-37.32,-57.77,16.8,56.74,1,55.0017,115483054,114061361,330.14,40.41,veno_ab,SNR20.46_normal_iperf3_veno_ab_rep4_20260624_103515.json,-40.61,-37.32,20.45,-37.32,20.45
20260624_103615,veno_ab,normal,5,20.44,-40.62,-37.33,-57.77,17.98,56.28,0,55.0017,123602363,121238766,290.99,38.12,veno_ab,SNR20.46_normal_iperf3_veno_ab_rep5_20260624_103615.json,-40.61,-37.32,20.45,-37.32,20.45
20260624_103720,veno_rttguard,normal,1,20.75,-42.2,-38.91,-59.66,17.94,47.58,0,55.0017,123342354,119920478,86.07,34.08,veno_rttguard,SNR20.75_normal_iperf3_veno_rttguard_rep1_20260624_103720.json,-42.2,-38.91,20.75,-38.91,20.75
20260624_103820,veno_rttguard,normal,2,20.74,-42.21,-38.92,-59.66,17.99,49.94,0,55.0017,123652465,120501224,80.81,39.45,veno_rttguard,SNR20.75_normal_iperf3_veno_rttguard_rep2_20260624_103820.json,-42.2,-38.91,20.75,-38.91,20.75
20260624_103920,veno_rttguard,normal,3,20.76,-42.19,-38.9,-59.66,17.75,43.61,0,55.0017,122048270,118780181,68.43,37.27,veno_rttguard,SNR20.75_normal_iperf3_veno_rttguard_rep3_20260624_103920.json,-42.2,-38.91,20.75,-38.91,20.75
20260624_104020,veno_rttguard,normal,4,20.75,-42.2,-38.91,-59.66,17.35,46.72,1,55.0017,119268424,118262593,70.88,34.56,veno_rttguard,SNR20.75_normal_iperf3_veno_rttguard_rep4_20260624_104020.json,-42.2,-38.91,20.75,-38.91,20.75
20260624_104120,veno_rttguard,normal,5,20.76,-42.19,-38.9,-59.66,17.72,50.54,0,55.0017,121850091,119258821,80.08,37.71,veno_rttguard,SNR20.75_normal_iperf3_veno_rttguard_rep5_20260624_104120.json,-42.2,-38.91,20.75,-38.91,20.75
20260624_104310,veno_ab,normal,1,20.04,-37.04,-33.75,-53.79,18.13,119.49,1,55.0017,124624976,121985167,664.3,52.1,veno_ab,SNR20.04_normal_iperf3_veno_ab_rep1_20260624_104310.json,-37.04,-33.75,20.04,-33.75,20.04
20260624_104410,veno_ab,normal,2,20.07,-37.01,-33.72,-53.79,17.94,130.18,2,55.0017,123346055,122377744,826.15,54.36,veno_ab,SNR20.04_normal_iperf3_veno_ab_rep2_20260624_104410.json,-37.04,-33.75,20.04,-33.75,20.04
20260624_104510,veno_ab,normal,3,20.03,-37.05,-33.76,-53.79,15.79,45.76,0,55.0017,108546337,105456002,828.6,40.39,veno_ab,SNR20.04_normal_iperf3_veno_ab_rep3_20260624_104510.json,-37.04,-33.75,20.04,-33.75,20.04
20260624_104610,veno_ab,normal,4,20.04,-37.04,-33.75,-53.79,14.24,88.42,3,55.0017,97910981,96109489,758.37,53.48,veno_ab,SNR20.04_normal_iperf3_veno_ab_rep4_20260624_104610.json,-37.04,-33.75,20.04,-33.75,20.04
20260624_104710,veno_ab,normal,5,20.03,-37.05,-33.76,-53.79,15.78,89.11,4,55.0017,108509342,105257704,739.73,45.9,veno_ab,SNR20.04_normal_iperf3_veno_ab_rep5_20260624_104710.json,-37.04,-33.75,20.04,-33.75,20.04
20260624_104815,veno_rttguard,normal,1,20.33,-38.16,-34.87,-55.2,14.54,101.15,0,55.0017,99993458,98957314,577.25,45.62,veno_rttguard,SNR20.34_normal_iperf3_veno_rttguard_rep1_20260624_104815.json,-38.16,-34.87,20.33,-34.87,20.33
20260624_104915,veno_rttguard,normal,2,20.34,-38.15,-34.86,-55.2,14.22,94.84,0,55.0017,97790648,97154633,688.51,54.04,veno_rttguard,SNR20.34_normal_iperf3_veno_rttguard_rep2_20260624_104915.json,-38.16,-34.87,20.33,-34.87,20.33
20260624_105015,veno_rttguard,normal,3,20.33,-38.16,-34.87,-55.2,16.36,117.36,0,55.0017,112486462,111396388,684.43,48.54,veno_rttguard,SNR20.34_normal_iperf3_veno_rttguard_rep3_20260624_105015.json,-38.16,-34.87,20.33,-34.87,20.33
20260624_105115,veno_rttguard,normal,4,20.33,-38.16,-34.87,-55.2,15.2,114.79,0,55.0017,104484775,102377116,580.79,48.95,veno_rttguard,SNR20.34_normal_iperf3_veno_rttguard_rep4_20260624_105115.json,-38.16,-34.87,20.33,-34.87,20.33
20260624_105215,veno_rttguard,normal,5,20.34,-38.15,-34.86,-55.2,14.39,75.67,0,55.0017,98966056,96841989,584.81,47.53,veno_rttguard,SNR20.34_normal_iperf3_veno_rttguard_rep5_20260624_105215.json,-38.16,-34.87,20.33,-34.87,20.33
20260624_105405,veno_ab,normal,1,13.98,-26.99,-23.83,-37.81,14.47,49.0,0,55.0017,99490111,97532798,157.81,41.28,veno_ab,SNR13.98_normal_iperf3_veno_ab_rep1_20260624_105405.json,-26.99,-23.83,13.98,-23.83,13.98
20260624_105505,veno_ab,normal,2,13.97,-27.0,-23.84,-37.81,12.2,70.03,0,55.0017,83887856,81633482,153.74,46.47,veno_ab,SNR13.98_normal_iperf3_veno_ab_rep2_20260624_105505.json,-26.99,-23.83,13.98,-23.83,13.98
20260624_105605,veno_ab,normal,3,13.98,-26.99,-23.83,-37.81,10.9,63.14,0,55.0017,74957121,74360314,144.76,53.58,veno_ab,SNR13.98_normal_iperf3_veno_ab_rep3_20260624_105605.json,-26.99,-23.83,13.98,-23.83,13.98
20260624_105705,veno_ab,normal,4,13.98,-26.99,-23.83,-37.81,13.05,64.96,1,55.0017,89733159,88789688,170.97,56.77,veno_ab,SNR13.98_normal_iperf3_veno_ab_rep4_20260624_105705.json,-26.99,-23.83,13.98,-23.83,13.98
20260624_105805,veno_ab,normal,5,13.99,-26.98,-23.82,-37.81,12.75,57.79,0,55.0017,87683068,86168987,171.49,53.05,veno_ab,SNR13.98_normal_iperf3_veno_ab_rep5_20260624_105805.json,-26.99,-23.83,13.98,-23.83,13.98
20260624_105910,veno_rttguard,normal,1,13.72,-27.05,-23.9,-37.62,10.79,73.83,1,55.0017,74175920,72703999,164.21,57.17,veno_rttguard,SNR13.73_normal_iperf3_veno_rttguard_rep1_20260624_105910.json,-27.04,-23.89,13.73,-23.89,13.73
20260624_110010,veno_rttguard,normal,2,13.73,-27.04,-23.89,-37.62,9.84,81.12,1,55.0017,67620517,66007977,145.03,45.39,veno_rttguard,SNR13.73_normal_iperf3_veno_rttguard_rep2_20260624_110010.json,-27.04,-23.89,13.73,-23.89,13.73
20260624_110110,veno_rttguard,normal,3,13.74,-27.03,-23.88,-37.62,10.4,92.49,0,55.0017,71498569,70810568,152.78,57.39,veno_rttguard,SNR13.73_normal_iperf3_veno_rttguard_rep3_20260624_110110.json,-27.04,-23.89,13.73,-23.89,13.73
20260624_110210,veno_rttguard,normal,4,13.72,-27.05,-23.9,-37.62,10.7,74.47,0,55.0017,73585706,72967567,142.86,49.49,veno_rttguard,SNR13.73_normal_iperf3_veno_rttguard_rep4_20260624_110210.json,-27.04,-23.89,13.73,-23.89,13.73
20260624_110310,veno_rttguard,normal,5,13.74,-27.03,-23.88,-37.62,10.46,80.01,0,55.0017,71911933,71279019,153.69,56.98,veno_rttguard,SNR13.73_normal_iperf3_veno_rttguard_rep5_20260624_110310.json,-27.04,-23.89,13.73,-23.89,13.73
20260624_110500,veno_ab,normal,1,11.05,-29.94,-26.94,-37.99,10.07,100.48,7,55.0017,69240860,67436271,455.91,44.34,veno_ab,SNR11.03_normal_iperf3_veno_ab_rep1_20260624_110500.json,-29.95,-26.95,11.04,-26.95,11.04
20260624_110600,veno_ab,normal,2,11.04,-29.95,-26.95,-37.99,8.41,63.32,4,55.0017,57847811,56806604,418.32,36.49,veno_ab,SNR11.03_normal_iperf3_veno_ab_rep2_20260624_110600.json,-29.95,-26.95,11.04,-26.95,11.04
20260624_110700,veno_ab,normal,3,11.02,-29.97,-26.97,-37.99,9.75,91.33,3,55.0017,67016502,66275930,426.3,47.05,veno_ab,SNR11.03_normal_iperf3_veno_ab_rep3_20260624_110700.json,-29.95,-26.95,11.04,-26.95,11.04
20260624_110800,veno_ab,normal,4,11.03,-29.96,-26.96,-37.99,11.38,136.95,4,55.0017,78237574,77304636,434.28,42.71,veno_ab,SNR11.03_normal_iperf3_veno_ab_rep4_20260624_110800.json,-29.95,-26.95,11.04,-26.95,11.04
20260624_110900,veno_ab,normal,5,11.04,-29.95,-26.95,-37.99,11.07,119.35,7,55.0017,76111433,74679613,397.63,41.79,veno_ab,SNR11.03_normal_iperf3_veno_ab_rep5_20260624_110900.json,-29.95,-26.95,11.04,-26.95,11.04
20260624_111005,veno_rttguard,normal,1,10.99,-30.0,-27.0,-37.99,8.18,72.5,4,55.0017,56258363,55289608,400.62,47.38,veno_rttguard,SNR10.97_normal_iperf3_veno_rttguard_rep1_20260624_111005.json,-30.01,-27.01,10.98,-27.01,10.98
20260624_111105,veno_rttguard,normal,2,10.98,-30.01,-27.01,-37.99,7.8,80.05,3,55.0017,53614355,52532009,409.09,42.91,veno_rttguard,SNR10.97_normal_iperf3_veno_rttguard_rep2_20260624_111105.json,-30.01,-27.01,10.98,-27.01,10.98
20260624_111205,veno_rttguard,normal,3,10.99,-30.0,-27.0,-37.99,9.67,69.7,4,55.0017,66460238,65797622,399.15,47.66,veno_rttguard,SNR10.97_normal_iperf3_veno_rttguard_rep3_20260624_111205.json,-30.01,-27.01,10.98,-27.01,10.98
20260624_111305,veno_rttguard,normal,4,10.97,-30.02,-27.02,-37.99,5.98,106.51,0,55.0017,41101336,39969402,418.96,41.92,veno_rttguard,SNR10.97_normal_iperf3_veno_rttguard_rep4_20260624_111305.json,-30.01,-27.01,10.98,-27.01,10.98
20260624_111405,veno_rttguard,normal,5,10.97,-30.02,-27.02,-37.99,8.96,130.6,6,55.0017,61610621,60171828,467.76,36.6,veno_rttguard,SNR10.97_normal_iperf3_veno_rttguard_rep5_20260624_111405.json,-30.01,-27.01,10.98,-27.01,10.98
20260624_111555,veno_ab,normal,1,7.46,-28.98,-26.37,-33.83,7.71,79.83,7,55.0017,53017911,52349445,419.7,33.57,veno_ab,SNR7.46_normal_iperf3_veno_ab_rep1_20260624_111555.json,-28.98,-26.37,7.46,-26.37,7.46
20260624_111655,veno_ab,normal,2,7.46,-28.98,-26.37,-33.83,9.87,159.07,15,55.0017,67877803,67316339,387.57,30.93,veno_ab,SNR7.46_normal_iperf3_veno_ab_rep2_20260624_111655.json,-28.98,-26.37,7.46,-26.37,7.46
20260624_111755,veno_ab,normal,3,7.48,-28.97,-26.35,-33.83,7.56,134.86,22,55.0017,51943832,50740990,380.65,39.82,veno_ab,SNR7.46_normal_iperf3_veno_ab_rep3_20260624_111755.json,-28.98,-26.37,7.46,-26.37,7.46
20260624_111855,veno_ab,normal,4,7.46,-28.98,-26.37,-33.83,6.82,100.81,20,55.0017,46905876,45658941,312.16,30.74,veno_ab,SNR7.46_normal_iperf3_veno_ab_rep4_20260624_111855.json,-28.98,-26.37,7.46,-26.37,7.46
20260624_111955,veno_ab,normal,5,7.46,-28.98,-26.37,-33.83,6.27,65.62,16,55.0017,43105581,41885224,387.95,38.29,veno_ab,SNR7.46_normal_iperf3_veno_ab_rep5_20260624_111955.json,-28.98,-26.37,7.46,-26.37,7.46
20260624_112100,veno_rttguard,normal,1,7.37,-29.0,-26.4,-33.77,7.0,79.81,14,55.0017,48136560,47198829,381.02,39.69,veno_rttguard,SNR7.38_normal_iperf3_veno_rttguard_rep1_20260624_112100.json,-28.99,-26.39,7.38,-26.39,7.38
20260624_112200,veno_rttguard,normal,2,7.38,-28.99,-26.39,-33.77,8.6,126.68,14,55.0017,59129293,58817903,364.42,35.8,veno_rttguard,SNR7.38_normal_iperf3_veno_rttguard_rep2_20260624_112200.json,-28.99,-26.39,7.38,-26.39,7.38
20260624_112300,veno_rttguard,normal,3,7.38,-28.99,-26.39,-33.77,6.97,68.58,15,55.0017,47915487,46503347,314.71,33.5,veno_rttguard,SNR7.38_normal_iperf3_veno_rttguard_rep3_20260624_112300.json,-28.99,-26.39,7.38,-26.39,7.38
20260624_112400,veno_rttguard,normal,4,7.39,-28.98,-26.38,-33.77,5.92,126.71,18,55.0017,40672810,40240153,337.06,35.6,veno_rttguard,SNR7.38_normal_iperf3_veno_rttguard_rep4_20260624_112400.json,-28.99,-26.39,7.38,-26.39,7.38
20260624_112500,veno_rttguard,normal,5,7.38,-28.99,-26.39,-33.77,8.48,158.63,17,55.0017,58324008,56663826,375.6,32.68,veno_rttguard,SNR7.38_normal_iperf3_veno_rttguard_rep5_20260624_112500.json,-28.99,-26.39,7.38,-26.39,7.38
20260624_112650,veno_ab,normal,1,5.74,-28.31,-26.01,-31.75,4.56,277.7,29,55.0017,31350638,31093664,309.74,32.74,veno_ab,SNR5.74_normal_iperf3_veno_ab_rep1_20260624_112650.json,-28.31,-26.0,5.75,-26.0,5.75
20260624_112750,veno_ab,normal,2,5.72,-28.33,-26.03,-31.75,10.53,118.76,21,55.0017,72392608,71624179,381.79,34.87,veno_ab,SNR5.72_normal_iperf3_veno_ab_rep2_20260624_112750.json,-28.31,-26.0,5.75,-26.0,5.75
20260624_112850,veno_ab,normal,3,5.74,-28.31,-26.01,-31.75,6.79,125.04,22,55.0017,46679996,45516996,375.72,32.25,veno_ab,SNR5.74_normal_iperf3_veno_ab_rep3_20260624_112850.json,-28.31,-26.0,5.75,-26.0,5.75
20260624_112950,veno_ab,normal,4,5.74,-28.31,-26.01,-31.75,4.95,106.65,24,55.0017,34003094,33832869,297.2,33.68,veno_ab,SNR5.74_normal_iperf3_veno_ab_rep4_20260624_112950.json,-28.31,-26.0,5.75,-26.0,5.75
20260624_113050,veno_ab,normal,5,5.77,-28.29,-25.98,-31.75,9.27,132.71,30,55.0017,63758773,63148311,305.96,33.67,veno_ab,SNR5.77_normal_iperf3_veno_ab_rep5_20260624_113050.json,-28.31,-26.0,5.75,-26.0,5.75
20260624_113150,veno_ab,normal,6,5.77,-28.29,-25.98,-31.75,1.64,107.24,24,55.0017,11247156,11045384,289.1,31.84,veno_ab,SNR5.77_normal_iperf3_veno_ab_rep6_20260624_113150.json,-28.31,-26.0,5.75,-26.0,5.75
20260624_113250,veno_ab,normal,7,5.73,-28.32,-26.02,-31.75,6.02,124.1,29,55.0017,41402697,40441867,318.17,27.28,veno_ab,SNR5.73_normal_iperf3_veno_ab_rep7_20260624_113250.json,-28.31,-26.0,5.75,-26.0,5.75
20260624_113350,veno_ab,normal,8,5.74,-28.31,-26.01,-31.75,7.33,171.92,22,55.0017,50404671,49242240,315.31,32.46,veno_ab,SNR5.74_normal_iperf3_veno_ab_rep8_20260624_113350.json,-28.31,-26.0,5.75,-26.0,5.75
20260624_113450,veno_ab,normal,9,5.74,-28.31,-26.01,-31.75,4.57,129.3,24,55.0017,31398747,31027366,357.29,32.79,veno_ab,SNR5.74_normal_iperf3_veno_ab_rep9_20260624_113450.json,-28.31,-26.0,5.75,-26.0,5.75
20260624_113550,veno_ab,normal,10,5.76,-28.3,-25.99,-31.75,6.25,141.09,21,55.0017,42986515,42557539,214.02,127.82,veno_ab,SNR5.76_normal_iperf3_veno_ab_rep10_20260624_113550.json,-28.31,-26.0,5.75,-26.0,5.75
20260624_113655,veno_rttguard,normal,1,5.43,-28.63,-26.39,-31.82,5.79,147.63,26,55.0017,39834189,39155454,351.51,35.19,veno_rttguard,SNR5.43_normal_iperf3_veno_rttguard_rep1_20260624_113655.json,-28.63,-26.39,5.43,-26.39,5.43
20260624_113755,veno_rttguard,normal,2,5.43,-28.63,-26.39,-31.82,6.24,174.94,18,55.0017,42869703,42165650,296.73,34.83,veno_rttguard,SNR5.43_normal_iperf3_veno_rttguard_rep2_20260624_113755.json,-28.63,-26.39,5.43,-26.39,5.43
20260624_113855,veno_rttguard,normal,3,5.41,-28.64,-26.41,-31.82,3.4,106.74,26,55.0017,23347104,23214638,314.25,37.93,veno_rttguard,SNR5.41_normal_iperf3_veno_rttguard_rep3_20260624_113855.json,-28.63,-26.39,5.43,-26.39,5.43
20260624_113955,veno_rttguard,normal,4,5.43,-28.63,-26.39,-31.82,5.16,130.01,27,55.0017,35480447,34761420,364.61,35.87,veno_rttguard,SNR5.43_normal_iperf3_veno_rttguard_rep4_20260624_113955.json,-28.63,-26.39,5.43,-26.39,5.43
20260624_114055,veno_rttguard,normal,5,5.43,-28.63,-26.39,-31.82,2.65,115.6,26,55.0017,18226200,18114439,307.08,34.54,veno_rttguard,SNR5.43_normal_iperf3_veno_rttguard_rep5_20260624_114055.json,-28.63,-26.39,5.43,-26.39,5.43
20260624_114245,veno_ab,normal,1,1.58,-39.75,-38.71,-40.29,0.33,326.02,58,55.0017,2253422,2205968,510.92,161.55,veno_ab,SNR1.58_normal_iperf3_veno_ab_rep1_20260624_114245.json,-39.75,-38.72,1.57,-38.72,1.57
20260624_114345,veno_ab,normal,2,1.56,-39.76,-38.73,-40.29,0.3,358.89,54,55.0017,2085916,2072892,657.22,166.5,veno_ab,SNR1.56_normal_iperf3_veno_ab_rep2_20260624_114345.json,-39.75,-38.72,1.57,-38.72,1.57
20260624_114445,veno_ab,normal,3,1.59,-39.74,-38.7,-40.29,0.3,359.55,42,55.0017,2058857,2016301,594.79,188.05,veno_ab,SNR1.59_normal_iperf3_veno_ab_rep3_20260624_114445.json,-39.75,-38.72,1.57,-38.72,1.57
20260624_114545,veno_ab,normal,4,1.58,-39.75,-38.71,-40.29,0.29,334.11,62,55.0017,2010335,1989041,582.59,211.81,veno_ab,SNR1.58_normal_iperf3_veno_ab_rep4_20260624_114545.json,-39.75,-38.72,1.57,-38.72,1.57
20260624_114645,veno_ab,normal,5,1.56,-39.76,-38.73,-40.29,0.3,308.81,61,55.0017,2092393,2041873,504.88,192.65,veno_ab,SNR1.56_normal_iperf3_veno_ab_rep5_20260624_114645.json,-39.75,-38.72,1.57,-38.72,1.57
20260624_114750,veno_rttguard,normal,1,1.59,-39.62,-38.58,-40.17,0.0,330.47,60,55.0017,0,0,512.69,185.83,veno_rttguard,SNR1.59_normal_iperf3_veno_rttguard_rep1_20260624_114750.json,-39.62,-38.57,1.6,-38.57,1.6
20260624_114850,veno_rttguard,normal,2,1.59,-39.62,-38.58,-40.17,0.0,336.36,45,55.0017,0,0,570.36,204.57,veno_rttguard,SNR1.59_normal_iperf3_veno_rttguard_rep2_20260624_114850.json,-39.62,-38.57,1.6,-38.57,1.6
20260624_114950,veno_rttguard,normal,3,1.61,-39.61,-38.56,-40.17,0.0,317.87,68,55.0017,0,0,561.18,192.7,veno_rttguard,SNR1.61_normal_iperf3_veno_rttguard_rep3_20260624_114950.json,-39.62,-38.57,1.6,-38.57,1.6
20260624_115050,veno_rttguard,normal,4,1.59,-39.62,-38.58,-40.17,0.0,320.06,54,55.0017,0,0,574.72,188.34,veno_rttguard,SNR1.59_normal_iperf3_veno_rttguard_rep4_20260624_115050.json,-39.62,-38.57,1.6,-38.57,1.6
20260624_115150,veno_rttguard,normal,5,1.61,-39.61,-38.56,-40.17,0.0,323.96,47,55.0017,0,0,604.95,202.57,veno_rttguard,SNR1.61_normal_iperf3_veno_rttguard_rep5_20260624_115150.json,-39.62,-38.57,1.6,-38.57,1.6
